{
  "project_info": {
    "project_number": "478853554646",
    "project_id": "national-hearald"
  },
  "client": [
    {
      "client_info": {
        "mobilesdk_app_id": "1:478853554646:android:e73924eae121bd60",
        "android_client_info": {
          "package_name": "com.nhn.android"
        }
      },
      "oauth_client": [],
      "api_key": [
        {
          "current_key": "AIzaSyD3mLnX4bq6Xti4u6gURt6j77yOkuflWLM"
        }
      ],
      "services": {
        "analytics_service": {
          "status": 1
        },
        "appinvite_service": {
          "status": 1,
          "other_platform_oauth_client": []
        },
        "ads_service": {
          "status": 1
        }
      }
    }
  ],
  "configuration_version": "1"
}